FloatNumber,IntegerNumber,Text
0.888395631757642,66,;PT?3
-1.14707010696915,NaN,M::S2
-1.06887045816803,115,LESIF
-0.809498694424876,120,6N:GQ
-2.9442841619949,29,-----
1.4383802928151,74,EY?<5
Inf,67,YG8PH
-0.754928319169703,97,>5:PD
1.37029854009523,107,I6J@0
-1.7115164188537,114,9;DH>
